,0,0,0,0,0,0,0,0,0,0,0,0,0,0,0,0,0,0,0,0,0,0,0,0
0,-14.547944420622215,-1.151422166654776,-29.863724144631092,6.048700102199278,23.098608962916664,6.7051423460761,-10.31046071069279,5.422053340902842,48.55592840514398,107.47784005102814,67.16823434747938,-50.39858895863317,-4.624970963524822,61.60128136298167,10.204269969787628,64.79826424489755,87.00343278556163,5.397081503578086,-2.92500367553719,-12.031541335874243,-8.242296728361591,-3.2413532938973963,17.186065045999815,-16.363025776483408
1,5.641179134945407,8.272038520030426,-7.354842798431393,-6.289192208535396,-7.278941639517897,1.6729148385495616,-4.206092641943307,-1.4296983210344962,67.8367672956699,-5.2667704972305565,-18.60933117365582,150.1576987027122,49.924305613909596,103.39670862998837,111.71865669410992,34.63817146461949,30.303291685107308,-73.17787752431926,60.343055787280456,-20.54234513566817,32.866914180932895,3.5218910550650553,20.623325750111505,-6.5278307389255446
2,0.7258714990602763,24.20187491273494,-19.56377165594411,5.0370250561856205,4.163034209121484,-10.297617375400428,-20.401116091470453,10.448785491821726,-18.398054186887464,12.495891247146115,19.982180208875377,-25.481408530737934,136.5925519215004,-64.89937834704449,67.78465804929668,33.101474105607565,53.21569264595815,-6.412541142142402,12.303325051344942,-3.407556503732123,12.564493979793856,44.683913281943596,-24.325516536251197,22.827244378587775
3,-5.551165035677205,18.391671692543444,1.1394228057773645,-3.8860660675602094,-11.201597725736256,-8.690841932538666,7.336419812471803,11.898845400090128,-11.272937242835779,131.63793055456986,-51.335612874865696,-1.7160374977402708,-59.30769363048646,-25.718792685097664,89.36245760254958,-26.36309780872681,-28.32135621302498,-72.01924087961083,-47.400564112281025,-22.835535632902687,27.456948890581433,-16.205267990932967,-14.019917730995454,8.983227913385196
4,29.897642020739735,-42.69086082595662,26.26747119855678,-2.2168474669953677,11.659302905610991,10.778711669142108,-1.1861152722509765,26.061274197067913,-48.87248864423959,-59.8490398517031,82.16203060165255,-72.61611364808992,103.20707362010427,-25.840956245430487,-69.51466426885251,-43.77699271635621,66.13778134094517,164.79986778128753,-8.248036671980513,44.02843303186809,-2.7145295586737004,-10.57219924604526,0.3769108577547341,-4.395079602475624
5,-13.115229794268519,-18.767970241801667,27.469083019225977,19.68378418711654,28.27512024532819,-5.050592530443524,8.455901442344313,-15.084153474503475,29.866516312090443,257.11659615972616,185.00082259171137,21.6351737195137,-106.27600387125383,-31.02973511692922,19.65022277026498,32.41771776624295,66.25298171953074,-10.459363482940297,-21.09910697830437,22.121221594310658,2.4530369847620275,10.08746173193138,-27.487601651322585,19.750274166123717
6,12.368815789903765,6.157254368296367,4.860608756387398,-11.43899960824375,-18.27400955182919,-8.459108561276384,-25.62237728435663,1.4216766750798349,-54.59973214379084,41.747803466030106,52.549842409220844,122.20726540159986,13.435613753246178,83.11290196924996,32.63846170296833,-117.06008499236464,43.10937046244736,16.720722125728134,4.453243111156991,-7.126268937491752,-11.532581162193004,23.814373012379978,3.0843956598827096,-2.11709354595771
7,-5.012811042083196,30.018391676783462,1.9111930503431007,-8.680562225321074,26.144624826542834,-0.4312011492690388,0.11304958680943267,16.189071195488886,-15.688649313575558,-65.30362643446571,56.786445300281244,16.565629438372905,10.813718880261142,72.33667228891876,29.3635457583751,-17.070102906290664,28.35898036658165,-126.25615802553136,64.73539761697822,9.698948211956193,23.374901611242034,6.460007977548524,16.464712865919324,2.2304861847610726
8,4.5962761929729785,-5.737882818027045,-6.5575374940691535,-6.087120219002289,23.812741243866018,-3.4666640924688963,8.087615498582508,22.20933772785217,-52.18732787806047,-75.5229102986121,25.805725760009906,-15.124599224758144,9.27761916946154,-0.8776768580232649,-39.30994028274232,-75.43019874647187,75.58552072286051,37.66872546907553,-50.34040205395986,-24.073642115571538,1.320927770566233,-14.703493850620646,1.4088950847294026,12.919534395862007
9,14.214409005431026,-15.223946497154232,-16.843683186555175,-4.86808882600628,-6.901128962413236,7.592208534084751,-8.024991547172794,19.21155880249323,-58.76664565790406,38.09582507435857,-37.938405122887374,30.339530125908304,87.62370183441153,-11.141677377232783,51.45581842538354,45.6455949551185,42.54039066726061,1.639726504540802,-8.726085765440672,5.347902473749371,-18.840761842271355,29.471795607619296,-5.7368471388705995,29.751341530315393
10,-1.6908658902381628,1.8109674943546308,-9.630573264178361,13.161584330528395,-22.98433021618945,9.788925791607134,5.834305174398393,-4.129944937074801,-99.67114483579041,272.4256071335926,-7.64085802544991,-61.16997906727987,45.942454056218175,-48.138029263065526,46.00008922015644,-106.86281162708042,86.47458204812544,79.10408085316108,52.11215925913823,14.116764579543315,3.7289722284063007,21.47189216802711,-15.564353526033187,8.078076237118578
11,28.209209761692062,14.18617805658179,-15.468552697803814,3.256500411098791,-5.271717727415877,-26.565468023573363,-7.174112507902416,-8.478777937080908,9.587361507682225,-108.1966854470511,-70.43975939777347,51.84054913072743,74.62505291531073,43.4462977060831,90.04887716098894,14.815172396840259,-79.15935223366087,95.5779715792436,20.18337061060237,-33.56677898391832,-2.0103801169159636,-6.791742963425271,6.278995521154508,5.890718515672217
12,-4.327149406205608,6.778233824492824,-7.2229584276010685,2.232875355225391,-12.559884194928234,-5.713302530984555,16.091438573749368,2.6998774294719228,2.5923964034679425,47.21796239316853,-31.16822144017121,86.08812778194206,-33.49841335151615,-13.155373268046867,-2.2194385457299863,-83.09520189952326,28.10572459847417,-45.373324460340356,39.109593093206406,11.147347437194119,11.658750467770545,5.102092967622996,12.21017920261178,14.984541433471085
13,-0.3923614663065069,0.7236001480852374,-1.458031048975936,-28.43974442539856,-38.25781195695332,7.731725817500006,-3.5495290464109273,13.415159758754335,-30.821427082774314,-6.03410419969156,-101.45678508877053,-98.8131050513584,-95.00549001061502,-21.514943056270702,-12.404531195697908,6.182560251625591,-8.726620558575577,58.74758400838565,-48.1398877049529,-39.34783965563054,8.443332978465921,-2.413745865587521,-9.627857479622497,-6.953241684544732
14,2.551481737256925,-7.438558702122674,-6.457542509215288,-8.629219471485111,-0.164006330009843,-12.397670938017274,-17.05145487941961,7.390257841448482,59.44351800470774,20.585245332828478,25.99072393213454,-88.42880123884373,-84.76836471596033,224.83910893987974,76.185666066151,14.631925905504628,6.6106900818076895,-176.38686393229884,49.32429531127803,5.54510242074088,-6.025038545565286,6.182393450637921,8.68006390822695,-11.90835395254891
15,-20.388305078240418,2.0126799408237033,-4.167168274513606,-16.52979524123369,-0.342157179569255,11.762829402602888,14.387457213405778,10.485918825101965,19.544309764479674,76.60315284288058,78.7315563906882,6.40404417584182,-1.6490840036285714,-87.51433653143467,108.45449165188747,92.18346582741891,40.10313057364655,26.12474413436782,-63.87890512838656,34.863084550159364,-6.100515750891233,3.421038303175577,-28.659448811335125,9.718377593607883
16,25.76767875511104,-14.684832619629763,10.50322704540198,-5.855614388651163,-23.798641354381086,18.789079535189877,9.250163625707959,10.159040569565027,-54.49508637381507,38.5579385094938,-49.91114497490981,-111.63053672676713,-48.05173276468294,-108.45774884017625,39.06393326726883,-45.31623008485225,88.00802167183944,-160.99120587998686,38.487249220783525,17.057682986528825,11.410972231978377,-14.20652444600046,-21.666103030287378,22.274592814549404
17,-4.956800793110249,-5.333063307454764,-9.257154004214035,9.98101513681755,9.957478770355802,-28.918902155304746,-0.508867106274582,-7.112704030896832,-29.56540174206855,-111.65180382886197,17.795990867085397,72.5853030854199,-8.70446921919597,58.56286569612147,-110.95039327581185,-119.4166302556816,-7.756502397021209,-51.96941850257218,-35.275472303887184,31.631593454912288,-7.869334605263642,9.705649498607531,15.785493924058368,1.4669932501844467
18,-5.7083609632094605,5.520501486977068,5.888800031908188,-9.356451921544062,-12.179373769716463,-14.249332775388503,-2.2061769568731213,-11.905811936632409,63.921506596698634,-5.753746895195956,-198.08282990052126,77.14094351764322,4.2415508665539265,-47.36697407029811,-167.15076592759715,-58.285233860053296,-145.04946059410787,-14.238422842376538,53.78988061067,-36.994435479924675,-1.5916426560972208,-14.034972678786573,-5.025035475746866,-19.88344820945145
19,0.6526325804984592,-1.731346985560247,3.4470213216967642,9.005219971103338,6.657307709234214,-16.372095182627948,-11.41487813357099,-17.262741644410905,20.63159952545799,-26.5902577049726,-11.009779890154384,113.42495147894991,84.78113138220598,-122.82787151579188,9.548767224841994,-21.912657772933002,33.22571805205472,28.4101501247391,-0.39833438191708287,-11.370492192632417,42.55539685673931,-11.079672385784738,-11.948282805591402,3.595444074582619
20,7.394953175487534,-22.229608561305856,4.242031473469297,19.290266039650596,0.3136198543083577,-4.259923277975944,0.6548649336033356,10.563432051649203,-14.582278236268861,-113.81780731496919,-6.6349094013518215,6.247591421536788,9.784810358848894,43.25103796550124,-87.01781604211244,117.79705720175194,-12.490955526053463,71.16530773681058,-81.33719129050377,69.79254685359457,2.846679847720667,-1.3442226112192779,-18.0961791864775,-1.4596966070534394
21,-11.136982284510752,-3.165426795187755,-10.954010134279534,-23.755774338055257,-22.111792326330377,10.467061450303921,10.281275747190534,17.931775159839965,-33.498175249959466,-44.16863448352788,82.699068440266,14.55330130830286,112.01028902346468,-22.654776890406335,-2.112002210350062,-83.79390341308695,37.37123221242258,7.869695173740931,4.576663878428024,24.957737672475904,11.892058557070285,-9.338580746007182,7.856070288241932,17.23753401348683
22,-2.779992307746985,11.97472636297214,-1.0595094214285787,-10.499103882168352,4.938889067459386,18.61691761634048,24.771028961365417,-3.761316419942931,-133.98835201003527,-80.18147766514326,48.73955367558136,71.53755509604623,-18.831341287810286,-28.405960910598573,-96.00618070797923,-2.814274574008808,70.62868055228033,121.30889587654335,16.044890441538318,2.1405617843204054,-0.735564627843295,-0.89269107086573,-16.886603479017303,-1.7300689244733352
23,-18.681240074901133,8.472997115705969,1.4127240457135781,12.949428678245118,-5.118750032261279,13.165369169752054,-22.7100708860162,-7.091720491371693,79.59681190311463,-135.33342108130267,47.46169796480764,-123.7667878047836,-162.97220884559704,-5.635209055007247,85.12962318997104,25.638455339061412,-22.854996244084745,0.07344652264239392,-49.16805951919225,24.796915139984417,18.90555767889128,19.556293311334976,-2.1825038695938117,-1.1640801299867738
24,8.578279613731585,-8.525008077207932,6.297865900745929,-6.161798392740948,14.559594388430876,11.143754848456892,-28.153739324853277,-31.811978126592606,19.699198977064267,-158.02234263490163,-43.57513633410264,116.65138647209531,-15.993712381058097,-59.93322484284696,-128.26543917667027,-59.10554713417443,-40.75347995403499,14.99031271385792,-29.66416778809814,9.315714691733092,3.1537120891141663,11.628602912328398,6.104877752834385,-3.0256195124229657
25,-7.216705377340873,-2.005745418013798,-16.86128878646086,15.559030736107069,16.830987491356556,11.932534237227092,-14.214735295028436,17.13882987901048,-32.96590884702124,244.8703060864488,9.97104745050716,-66.32524009223819,17.44809556275748,46.85168402173432,-70.51983846941977,-61.23772853773666,18.394013387920527,-11.268210870414421,39.43914361894386,-47.38272057295864,7.318294107103608,9.538900350968964,12.162438842133163,-4.72811255408245
26,7.028354060631607,7.1096155547988324,1.705716245976964,-22.447945672504805,2.740822109276664,4.752167304599195,14.700765935130416,-19.51844543167616,49.83600804190158,3.242420913277173,-92.09943981044009,-55.26200199179374,-103.46771232588486,-66.99897559919826,3.1206445509638554,-47.307081268221815,52.71180828276926,10.542210125547225,-24.276039209001357,7.955843916678307,-16.416162245859976,18.817135627798354,26.317873938685892,9.077668164197446
27,-3.2576167500434714,16.56875362382256,-11.427779501584851,9.834433314038074,5.789109785432925,10.836543656373168,6.178814453847073,-5.37333571809001,-62.1501555151795,-20.015753595677268,-117.75716389643105,-14.614494297383068,89.38874037243153,-73.03856776698584,-67.3178878898208,14.188696777894023,43.408888140383134,27.283051315409615,-97.01684871228996,7.121516724872182,0.5533960459269294,7.894770530037813,10.513741423091364,-2.7330128614273104
28,-2.8174190017037737,21.68184561741299,5.277758729216658,-12.713643564953111,35.07251700262513,3.119048853959865,-8.15225445959726,10.234298255788033,80.14480328031381,18.800793478905547,-21.073598408304218,1.4334353025078597,5.996206731011523,13.63880699572314,-139.51179414474936,-14.811950756837044,-54.932056664846655,29.8546211524873,12.286625594241782,24.591693673886592,-12.382880289734448,-11.657590705126843,7.58076899933477,-2.4199931677754116
29,30.52292598316852,-9.13584475482643,-8.98103599375015,15.408531694240661,15.54773927396171,15.122776510819698,8.092484847285702,-17.676426142232582,-69.09847993316272,118.81115782728489,119.30800406886179,-32.61488925069426,64.02994167513637,12.073481257938207,-120.15894484729742,-44.308828169689406,-24.863263319703144,-36.423788330719866,-116.2183484902013,-35.37622612737043,-13.063420940520835,10.145131708413558,-17.196730145138456,21.962871234791375
30,-7.821611277760778,-6.851118413997637,12.417521031342341,1.6650852458689276,1.7015912004888778,3.5701795421959983,11.627210830955264,8.127876340015261,8.91538321814361,-109.1023204743855,91.09941454290023,-91.2540470993584,-8.769324819080463,16.445674938738467,-93.5027187595529,4.409193863004004,83.95493815040582,-30.538309149799712,-91.56966022137934,-17.755484137758756,0.14695714000815907,8.140696254399627,17.981015086356074,-10.826814427827742
31,13.679105466813262,-0.1528269947345765,-0.21704421627053763,8.339674714828696,20.389495945541395,3.5424701983819586,19.328157622984833,26.15980892299618,42.32727613078403,41.868094730756255,78.66586904493515,11.259039102124083,116.73029370670052,-44.89880384571093,-14.06437359865079,-70.99075052045843,5.181100355219236,6.513644839185158,57.018627898577314,-10.451475392357956,-6.746300504792238,1.6672656142323838,-31.88528718156962,-0.1998518028138536
32,3.5779721120585606,-3.0857246617346883,1.7456093562918342,10.55301903753251,-9.573684699568206,6.708551775722829,1.647641844955336,-4.310151079453821,-76.70383204815728,23.370628383640106,-2.0956123939307174,-7.39353210438582,59.65575172630517,-42.77424274569961,-58.75183270730816,29.696657548210972,77.71033171350349,7.723387803948901,86.98175625820404,-7.43574679116778,-10.942938331713176,12.879147615946875,-5.111458678812366,-0.9909503861699126
33,-17.362176373193165,-12.328869893693831,9.999857395957935,6.616212922219596,11.633886888249904,7.880403292376948,3.8207245206191467,21.426313847572974,68.63676192422784,-28.399280998734856,-94.51717425413757,-13.251809172958042,-32.5730050063352,-146.68272246110652,128.70764505083176,114.35611750271626,37.156522291391745,63.66538835055056,5.747338872122248,27.68126038212729,13.509196124037233,0.420958874665719,-0.42197595041891717,5.77432822911471
34,-4.6635718239720765,-29.202042757703577,11.638754608037463,-20.11341284763243,-23.426718271447175,-0.4514605125686346,-26.92295765414471,-3.0390017067079067,23.264080145207448,-69.79735694857214,-121.10138362254708,-7.699030949057194,56.3604749415168,54.34942286408526,-9.044282279246321,72.82265162155254,10.029848453849505,-60.37863911463035,7.248916561100884,-41.15978867027214,-18.860767354419895,-1.003495817424121,0.975130445873772,-5.28223562607183
35,7.151630613440359,-2.8438857153311377,6.350173706589327,19.754797289762685,8.649244525705818,31.50583069028015,10.876438993126285,2.2872752989143637,-22.314696189929837,-127.38079117366408,52.9087013850295,-7.274696752647008,-21.08832769424659,39.97514167191285,-36.20538075550805,-116.92130040263709,-45.98448868642421,0.7328350510688104,-107.20733658353036,36.92305969472276,-1.4602487113241716,-26.73580937000129,-12.68688787934385,-8.133693046110574
36,-3.0617371641035867,3.230756620584828,-8.06189964064631,-11.20724427028246,7.47915509759215,40.54856694928275,-24.071869973919824,3.5696400247857474,-69.21518119770323,-7.844296860268226,67.08020217479658,-198.58223895811506,-78.62866690239456,5.695202812577654,-45.361346134670256,-43.88812715741738,-73.67962420804146,65.83304652913543,61.7111912759291,-30.149251719247125,1.078428092373778,-13.486096548790762,-1.4633180107607977,-9.527356122036654
37,13.898686287141524,-2.412971174747609,14.97967421659089,6.178335399803596,3.0908072433821636,4.80322717778562,16.574691015966238,-6.100795224579499,-35.16477111878119,-29.674453153180885,-90.87513911343703,-53.40874669427785,3.017542096528143,-47.35998736960501,-7.345015659811949,1.265015715553565,-33.739764729048616,-69.73948071125362,-0.7872021404895067,0.746353900719027,-3.3495220528006344,-29.870894568562427,22.534382017624328,0.9235500571825188
38,-22.642532136553648,33.36617317932702,17.935599688557108,14.844228430233148,-3.9204451092128583,21.24109184703312,10.085084689253797,-12.52399739493625,3.6193576918040606,6.793722979538139,-44.308850617838054,-72.408367822053,25.69653063182172,42.593097175473495,-13.603999634844245,78.96504747946787,41.37045026651024,-36.43263287753525,83.24827575251281,14.365890370455073,16.526678341447045,-9.241675874945924,-3.7250687798341966,-0.2966393864572911
39,10.113390963417505,-6.736605236678978,-20.42796848399152,-10.090309137681908,-0.5261507505609159,17.521390273630633,-5.1965588106702345,-4.1803653459077195,30.26081758479051,-220.09331038614178,-14.55391116898559,9.245751553410132,95.86655298122173,118.47345050061637,-89.39599133274857,-50.75540441996702,60.867134912379726,82.29983800526644,-35.34204737742117,-19.220821674558316,14.373400723749008,-26.219532077807187,-7.6770550449204,4.0595919553551845
40,-4.642617821183137,-1.1081116243531364,-13.184152885719918,7.984866077708026,-4.390965163640295,3.5679173029900624,-11.455111531233797,-8.50565478287075,34.76175464692009,120.82728424786119,49.02510156794628,48.96166575380314,12.94065643704645,0.7902430640690767,70.02271224157627,-50.728313615596065,44.46742777540867,-37.00251856398026,58.1898768517668,10.170932861015181,14.077826909474613,7.902771343472159,-19.755193254560268,-3.0427982718794078
41,-3.6147142600805187,10.451157983925558,7.453070764699422,26.422621380987067,-7.317858328389742,-9.918140396610058,-8.311282694880857,12.486872060099687,16.51876182026536,66.53629400054916,97.47748906466954,69.33803283592093,-57.575049013376265,129.78575360248797,-15.214512381019011,12.144841713008274,37.16151665226492,18.231138394251012,26.090739604781024,16.867111293968726,-3.347006750243381,4.569707775036605,-10.8944689170905,-2.544797117958917
42,-10.435557090712656,16.70249361331999,4.149580170510296,-10.647073434521307,19.74297240552563,13.86203153397722,-25.14260828460969,33.68483997297392,-17.46082807007061,39.45747090491465,18.0158537745765,-131.86354433227658,-24.983374638954185,26.17813903656489,50.99343858503532,-103.70371549083178,44.08660220221318,54.2716894424466,5.049920051461657,-30.67261335021287,-1.3732944932916469,24.205703382848377,-27.680798633829127,2.783042911833046
43,-3.426710578488307,-2.3202306885719346,14.379396259212678,4.172297583508847,32.94344203956699,5.8014226853878474,21.639715186662563,-2.5706871719837316,96.829454287593,82.33621421044496,-82.07294869380266,65.27372035730211,-17.120887651626585,31.320487146664163,65.97220875205127,104.18961415667553,8.368121469482734,-0.6182734136291307,40.252436787199514,-10.894327988560475,-34.11951255227494,3.6055066622483998,3.635557559853346,0.8196988654640114
44,-23.066581450716253,4.896638133138226,2.5165069996556744,-5.525600127535408,2.0690565049992085,15.456288231449076,6.22389317464071,1.825851795873429,-41.74624668747867,-178.05734853551482,-19.94249282347373,-59.097025375824956,34.64831863755884,-36.05621563953598,-2.3554739649448866,8.128963643510442,-20.019622865727417,-102.12356631385596,-4.492451281023935,40.298363355845645,10.944662855872691,-12.800818445913363,4.308576920696549,-14.411020142463391
45,-47.3358092994585,34.380865668687775,16.961250293205666,12.14503988605093,-16.983714167664036,-1.6048536222855292,-18.663318742824362,-8.68819820253841,-51.45052710072949,-18.410050393129815,51.88348250529005,-30.982978792972165,-86.14956552141872,171.28489910916593,16.774477225619382,93.55822398714855,60.78054031290839,-19.266590360924475,124.31913427893218,39.845581959998036,-1.6417000071274996,5.36488533472682,-2.986935603535283,10.79367178780572
46,0.8291026364644851,-3.0898771172131743,-18.36704434673632,-4.982218872213239,-8.478416265123435,3.655100294169306,-26.49001278440521,-14.658394414276236,-47.71432465041335,61.42445059651397,-11.678229946124073,-106.80408847418276,0.6415404560755066,-3.974447040808768,-106.62612782030858,-89.27071265099595,145.84801298853293,14.900025764722079,29.876188403146315,-18.515269990962363,-24.043374207617703,-4.142612842439896,11.327389979558525,-4.533165515998007
47,24.594165040598455,5.92284885946461,1.1060092683593654,-28.517916424086106,-7.13197106775409,3.6283635912162073,-2.47288855349172,29.426409674815385,-60.4443848704809,-131.9917615779959,4.465384255019651,46.778030617256555,24.672174438699958,90.83495084279751,37.780933461070795,-24.983520724408198,-34.48680900619311,-87.08963799639595,15.351826145366601,22.569222878938927,2.5764027822736324,-19.03628596065729,-19.87375326003736,-0.9688770992421294
48,-9.535828566824788,-1.9415787802874822,4.70660099290249,-32.724003348393566,16.38416040093053,7.0934828283716165,11.966235536403529,-6.921562622724805,-44.054017336891654,-49.8079237186552,-43.34428276983518,-11.216592594350093,-123.92543241626734,-11.142219570032061,-8.302554231819974,-55.292588552963345,22.133841871943098,-50.25629513958749,-74.16570321760287,-18.852226245074842,0.8348206237486435,13.409193087921238,3.764735570873116,16.58070568416716
49,-9.304450358782795,9.866244934299136,4.975021521950907,25.66663985877629,-9.67044026182178,-6.7562298844438775,-12.461624668029003,-16.069367899117573,-76.95007492982602,72.21727073126885,-50.62215998038913,39.58295924637223,163.07257595883127,34.67996082438373,0.2613701193702269,77.08640323875034,-37.267613186394726,-99.33156194807306,37.389078701494455,-73.58558416835275,-3.9865183295294226,-9.214241232395127,-8.905032006384989,-18.62902611549782
50,3.508242535238567,-4.680038868881287,22.170399237112132,-0.9273902364795906,-5.150657994779806,5.400203325797803,19.105529187935126,-12.713716653707564,-6.9522321464003,57.326827331617636,53.59233966827594,-24.078506180117582,-28.48395410034106,54.15215440502149,-84.71661292618089,97.9730043820461,35.69531078953528,38.303168679779056,-13.545581046471794,-62.40073778191242,-28.126191539268373,3.165553243975916,-14.266456209639067,-0.9565479633397398
51,-15.812084668318505,-0.9534817493315118,-25.351440661565906,4.072690900502238,-28.804536172801892,5.774978960043456,-5.117042089203573,5.43671259800792,52.12004597028278,-0.14205784236317004,116.48691170092378,22.182668249453467,-135.68210415160516,38.28718251162318,-83.9238384374524,134.64347755767287,54.005974399180886,-100.68874876243802,24.66242586648689,-9.707385959833681,1.1604741998379693,-21.504770794975677,-10.042969963920843,21.926685843440755
52,16.758894371053266,5.917082490367427,-3.9274211420096905,3.374465969562875,4.359892003112943,-14.703901143513757,-8.723577385471858,1.2580738296038856,-28.777074309587565,24.567491340409177,-55.960472141337924,-18.697017269145356,42.75449617077493,-113.72758758661918,20.344242036473698,-27.80068064536678,-35.15014916471728,-0.9741110264402033,79.4728208913627,-30.14235667433912,-15.368935382588045,-10.04088217431071,-3.2106225682276746,-1.2611160601105884
53,18.879431648717315,16.252909239596843,-2.590595569849203,-28.87297259162405,-12.471735544612843,41.96879077133232,1.4428934831017646,-1.403319336264499,108.63085863132979,-138.58980481049412,38.2370223083718,81.17909070580646,47.750604870449656,113.36400340110528,31.85096336208913,12.336121446752784,67.86828712653144,-7.574217802263786,71.29744143298342,63.192401247910105,-16.183592929518433,-6.873406926277187,-0.5859344461691127,7.771553643110536
54,-18.741712897709963,9.05048125460339,-23.008449446403464,-12.531241148700948,-8.19480032817218,1.5011826107989026,-2.2766960641051663,1.8984969566521677,-7.844838236523713,-142.15433576858484,76.62117778191961,26.932327458300612,-55.48797744649951,-21.460639234389028,-51.08843464448957,172.0968493563518,-77.87221335054464,-34.09611953335149,66.38558291674568,-44.511690038004375,-5.395682056616143,-22.553785126933036,12.786496459145186,17.45492801925263
55,11.632156470595044,-17.18182897734661,1.043673128310009,-8.937129304445053,9.208832429380877,-12.153630281753777,-2.844070570263886,-13.480303200153001,-17.342138748801432,58.13875855129997,26.546197108796218,-159.7964621401165,-0.622467643515371,29.32969863911177,-68.24894733291238,55.629650169807405,-2.877377508224495,-62.26385296315626,52.26343877659102,35.910889665955395,-13.2587514102325,-3.558593918696357,-13.968153547736458,8.447614364153372
56,-26.21152005909335,0.5676443574202164,9.634141758660913,0.7271802317499494,17.095389939628163,-4.099372557102152,-11.343800050230069,-4.537599967353958,66.51276299844307,161.78245146216437,-13.18166755414272,-128.77147016296587,39.71486694511435,113.2381646175884,53.50716470568729,-31.60359126632852,100.17545487144594,-1.5832244160431672,67.1422779461439,-22.24771756188122,15.867061335062903,-14.534159739785363,12.873250873406727,-9.967878182216491
57,-4.065447327751429,4.53637089672094,8.326097775522063,7.866264644697917,13.822206733970154,3.0601391521956773,5.376863601005285,-31.59521163097494,26.645315128050512,-160.677135695534,24.403189879803406,-37.053779052912574,84.24844348212721,-81.08945401012606,3.3894427444743482,-3.971432691289606,55.09693379355396,153.00339579410533,-128.3761692965051,49.893910799108106,2.274478900568737,-11.072114422720757,13.266738153633838,17.502286762226262
58,2.5159209914632363,-4.770082939551604,-35.22966733982378,-19.634594184317535,16.353607982041748,2.777099650398017,19.58631374394176,-14.865658762003667,23.537252747365297,79.45354732945557,22.995540812474477,112.0348146385801,-102.01334706590693,-93.9809504781481,-23.971273570178777,-42.89066324407328,89.7100671973059,-119.9826846409631,62.592118630142295,13.69317123838735,-15.053006680905634,8.819073928492035,-10.991155156188158,23.727378951222178
59,-7.146769065123651,-7.272492905273065,13.749615706725066,12.255235521741568,-4.888912691908915,9.0598830045499,18.09474018327667,2.602788646979359,-32.58885836939643,22.278523666714705,-1.6051658877996338,92.01139414127917,1.3550211450202292,79.00385039229164,-28.64864372043019,20.10350634007604,-24.914679393529312,-56.70629580930368,14.469952917734135,16.874370710786042,1.8010647014892434,-1.313108293537626,17.70146005050509,-4.657546865700063
60,-9.434757266687342,-1.607077121229968,-12.981053180048809,-5.285368588437764,-20.711179519186565,3.080346764163948,-8.04792498829276,-10.158890757317145,-6.127130048182603,-100.7843302069177,34.1892747823473,123.73979280223222,-49.58887603832606,15.130587685654762,-35.9431971222173,-13.750778574233832,46.2322980645768,73.37304302402848,-57.34386628905353,-5.0772896947657244,10.221126951560354,-30.321066143191626,-5.852830842215765,1.5525045098893935
61,1.8217683940289349,2.3625524416377837,-20.754178496369843,-10.256486083610577,22.651131075198943,-5.92441940863412,-16.85320717643401,-21.191889229588146,53.18563091219618,28.5642087818225,168.8533803790205,15.31772110810532,-32.357590703095006,37.54952015929477,72.37299997604906,177.85859745742547,4.299979559709953,-18.50715190969419,-31.77921297347115,-14.84173343827153,22.501895821448844,-17.168687670234387,2.4113440897721214,20.58364273694223
62,-5.532424534372358,-1.9560233529128748,-4.188185199838202,-19.508832347678062,-26.013477246347662,4.132946910901544,-11.312375759132788,2.9095783996090794,174.14234563811897,-29.512295059283353,-3.312209249301703,57.52830372959478,15.506927118741856,144.85454839062524,84.78694329860527,-72.13948620079873,-98.12390791518627,37.63728871656124,37.53415796905453,45.13340387349212,-20.256337537586926,9.978061552601705,16.79398878869156,7.747788000223035
63,26.482661252867786,14.589679962377952,-0.8534575883435521,9.766095335211498,-1.2208357623127464,10.64616773804061,18.23144164563925,0.1205238949178489,43.98019791845548,-75.01176528763337,7.095830540264471,121.90876242329219,119.34758383969022,-204.33530510189382,60.66149842381545,7.629444844971098,116.9817548550879,125.78928980076721,-4.184205094633953,-33.25462903960085,22.100950551812492,7.440728960370925,-3.0511214746188493,-7.811995752819237
64,-2.001227172179907,8.734382572033844,8.476074039470515,11.780448321187722,-3.104249608404194,-13.803647480084683,16.02910941941653,-6.188954695635284,59.31945202206292,103.53606839033932,-46.48766149588079,9.69592629250292,-6.641369512463264,-71.49316889564106,-96.27274675673956,2.1361941425911724,68.65665395085068,10.0620673194851,-68.14494461334075,-9.264812264571301,-19.12110230512479,-2.3964532219652974,31.69636992433515,-8.168740233925657
65,15.389717438151557,-25.47299756690714,21.57968102829925,25.685507060335084,-1.1620861359168735,7.347490706192678,-1.4669127757202978,-28.8611924453763,135.81044028457316,-66.76727834109606,-59.85894248642898,-38.73410250218944,-17.992814692355232,-13.125642997808518,26.570554957622978,-20.3956027670034,-107.29081287286641,-19.7929450527886,-1.2788765423583512,-34.388193256660394,9.454171390470695,9.364094630928943,4.283192183411857,2.586220926644527
66,3.385277989761649,-22.224721130944477,23.343080335318607,-17.528761862406608,-27.22143227863618,23.752834520328705,-29.377421281334087,-7.686080523176501,-74.3703535410881,-96.29829119311091,-46.04837173750145,65.52472207054062,58.92703650353195,82.06696177738765,85.20060022671845,-7.361596981043296,118.32150133307948,59.97471036142891,67.34031586612322,-48.661570760522125,15.98997460230759,8.936008941181413,20.75993688323607,4.693203560381845
67,5.070024131784579,9.381216204308268,9.219964853732812,-4.495680182002675,-0.6976057315839722,-9.150299772690543,9.517003939015883,-8.522273308623861,-79.66670502778534,23.125496922370402,-25.826036893010077,-20.575421308721946,-19.965484161750826,83.81525527554156,37.904987953886994,76.82440616759342,63.0137348592176,31.689174744617056,-114.94556859377668,-42.98211579455866,-5.741008182443337,-5.7114719398617275,14.482987845622333,9.356795847038958
68,19.884592649025084,16.834568491557455,-15.069758956300959,-7.200214448976648,12.398314797626163,12.635861526114981,18.139429796919757,-26.610197988764106,16.092460352874735,-30.553405953504015,-62.60589564958599,-171.14861169062996,36.121516799970266,52.82799761267336,64.73171617003598,110.35268419045649,95.50754437864452,-75.8649910584062,1.1012200576622062,37.09059090563867,3.2675046945022923,5.6785742677500615,0.7981280634740741,-3.8974495751002087
69,9.395162971140945,11.097742654785606,4.750460660760427,-16.41079561893932,-21.09093134220752,-19.447318991142538,12.529380432176334,26.32232163641469,49.660061252303976,24.907666487831325,-10.529115748020368,-23.546301833108565,-92.62473376667317,12.932649238856595,-39.829923971036465,-71.28274575359642,4.349400006389179,36.74249897396968,-11.617221247789283,45.257239020519584,-11.375769328975798,-11.772022183628756,-30.871177528889632,-0.7751834114240859
70,-8.279661832188692,1.0263169418348101,-7.516945793313997,26.68993173473014,18.419365232201322,2.302191173540498,-12.701936214702732,26.738395309243042,81.46812776980953,1.4737027215979326,88.93082947765083,47.737692795478644,107.1721752903502,97.98258053858696,77.00058328730906,-79.16796173686765,69.60479983067947,31.128614923738947,-9.925099469506653,9.110182219901025,23.160683263922284,28.183034042280855,-23.287663737330554,11.882606322256969
71,-16.143001181157757,7.945431976860694,11.132560396560498,38.4731573523017,-9.24543871544324,16.019675571919656,-2.6953000578252464,-5.221609839415049,-94.16328168944626,-203.74961144990925,91.16921691424128,-30.73704853190574,-22.936795836450326,-11.420534107654213,57.203384797326066,-22.00875397687831,-22.758214637047836,179.58053037445217,-29.84483947365613,14.252603381271511,24.91048115804461,16.271536234372086,-7.21761478764066,-6.8294005765686965
72,-13.81698551481319,-13.68993985667984,11.037394867639836,8.148418241717554,20.01195717087131,-11.54812596367239,-23.570364840099458,-17.70839101844009,13.458453781906131,18.253903407692377,104.15558924748564,-75.0653049168705,7.633739626115577,-90.59503922789962,26.793317513804784,12.56824110840542,-14.51107659231043,36.69723927796318,-14.91342033747286,-37.03609106528033,-13.625538969574936,-23.815355399704405,-18.850176277512983,-1.9624714874216842
73,7.321190238223711,0.3121831947271605,-10.57836707862261,-13.152735751801362,15.010705284352166,-4.420265527616082,-7.2395112552807355,3.097350181785404,49.64614393406602,-45.84437038017959,12.307841415519398,-43.84176745404139,36.20379240891284,-33.11781374281796,-30.437095840363746,86.68394647981303,41.55922557380997,67.44118667665701,-128.64033893987516,37.74624978266021,7.1678545097654425,-1.3421304822993219,-12.570360264769329,-8.67630202992343
74,14.108934381336764,3.4232080127491873,-7.057293074923542,-21.823733563786742,7.677889185387715,-7.481372667998805,2.7412508682266745,2.09233625825093,-39.95146140062693,50.29615956715875,-2.5376022809149554,-62.080791919971674,90.8716390244934,-60.85928584143062,57.7297900352725,-99.38048681257625,37.09346725954478,-14.775740533196995,-124.70310260233856,-18.72955746138313,22.169962154862905,0.05637705299734552,-9.237424337721583,-9.888069311148296
75,-16.136598372453577,-6.462924880674148,-2.3836316859247804,11.665750533041962,15.714801537733575,-16.768571304953838,-5.8879100997829905,2.492573765868276,-29.122507807665233,134.90280967458105,33.97911910906196,60.599719604652854,-8.820291858732027,-45.63700892540455,-112.58601440840404,26.8162388218412,-57.00357306724928,-117.08639957788192,-103.96786287780759,-17.243362513059846,2.5678951262554897,-15.798854038825944,-13.403612278723237,7.403475103957943
76,3.602334056477556,15.08647924048168,10.855339606203266,-22.587712678864108,-13.179865979894059,-12.95681324736341,6.4782960290858576,14.492623759003525,-108.27383978372465,120.59000631108353,-62.64098021251981,134.11002804719553,77.54057513518015,-7.317164647939974,75.35976521005296,-18.508993558850253,19.68826080682117,82.13829019689216,-105.70683491243652,-46.75064066475353,-2.7335403207244178,-3.1289647116232353,-18.221086299590855,12.802120953818967
77,-2.8579973566250705,-17.47008402305291,12.197138482240678,-2.8764798903367974,33.37649000957935,9.04998377114611,-11.250269289203763,3.4332846692370924,-90.69920883046656,-13.453234965247223,-95.20632341265008,29.921921798442572,20.366194290666744,19.09596551966,30.990023560555677,35.29072624309486,33.84742161179596,-71.22797351687143,-120.2926544149389,32.73731400428121,4.358153536898094,-13.18813663654846,-15.743773470846133,-4.956020227258487
78,22.93426400797817,-37.40584913106061,0.6136797062352896,-2.167069114213714,2.2709873197224795,2.5290863742563356,18.924098582154272,-9.971794818986604,-127.09497522141535,136.39988505551744,-98.45296429551222,12.040613458176601,-4.206016871282416,24.027591776827258,-0.28788727523574076,77.47655160772452,-75.86653946987805,-49.04341261616222,55.991106311618836,-25.34221811719333,-0.829183426843014,3.977136618109578,1.3895472028535147,-9.10004549465538
79,4.835448740167364,-5.620835691810998,4.967950673926797,-8.818802067934081,14.795714471871907,-2.0164624691048165,-27.056657526327,-8.586569709133302,-1.31381361699312,-34.147016999756296,166.4614865747323,-102.552998494348,19.962263255754515,-76.6575783063571,51.27256271399727,36.83580440100636,32.64694632060766,40.66628099633791,-71.01031274705393,-11.319654317450018,-20.959157957142654,5.224749129565101,-25.72939774215456,2.4648120693794935
80,18.74946363588322,5.167317577619516,9.247285281675468,16.54749839384706,-8.730428952947683,12.329711855586813,0.6727847182163981,-6.929901427060417,5.9915369896925625,16.710035200938485,-66.81744683859613,-51.70437817397231,23.57324971825061,-10.793598782273977,43.83768089117499,120.42720005285061,-56.544838821227394,-52.228744730862005,-6.391161526474014,23.074199392369877,8.689545395000746,3.049189951724812,9.591280418180832,8.06116797384884
81,-30.919761038099455,-4.961839403782701,-9.051762215307406,-6.567050290744285,24.56089700414436,-3.49835042697546,21.929809195639855,-10.896461051947144,-8.046590842029474,-121.64473632238553,65.43080879895429,98.51439612186968,-21.30440200742495,-145.48489274224883,-55.76275994802029,6.936380127731454,-103.89727042504583,15.397264335560127,37.157345591547355,13.679358878753487,-5.883488086640842,-9.71828179697099,-2.30335933339755,18.002971334470008
82,-5.3859518523420835,-21.05082459571877,10.87947468101451,9.404856976611844,-3.3689729162510442,24.181327473900048,-19.73637154958574,-1.2954905629088753,11.215422880971342,39.53755991105827,20.33706606234425,75.79085149027685,24.681990100121734,85.13673206873473,42.5101926906255,87.40054815956142,34.165096530436244,28.22826457119827,-10.960134881876346,-62.68300687335339,-19.53145138156822,0.2824802648454206,-13.86165577665253,-21.38197827687901
83,-3.6037076935247425,2.763510331097236,24.144378285699638,-7.609418198764376,-8.125895555848354,30.47040594108645,-9.088260325365585,7.572259443758374,-33.646774179134255,27.794141698851547,-28.546411159286308,-16.145083137068045,20.706496739697297,98.32369585221493,41.431891479781406,-177.28343696196544,36.608833801650796,93.82411886356253,-62.10757470287625,6.548723693819753,-1.623087431360959,-4.977543645992799,-14.863399440823745,4.079231258653604
84,7.4052126654509856,21.86394843446948,23.977361520385166,-6.03081753637479,2.0219860631469104,12.176830365340347,7.687611037841263,4.600360536761661,135.2318864962436,-120.35499862153631,25.092231188308972,23.74062395722071,38.989876551614,72.3325973002261,52.19366583663074,5.835056628335061,-91.67702317435318,-69.45677991840128,91.62679546897648,52.84709480209654,28.664381334304643,-28.600321396084396,-29.00101126808843,15.256965989785668
85,5.30011189996054,3.124811786865553,-1.6969898792129456,2.3114104059488465,17.58199420675812,11.71344116293205,17.953282133766674,-11.528785065122008,53.76368616299529,64.19933209100279,-48.87637162609253,121.89722076923998,-105.58338551807083,7.0689034444818635,27.993314451866475,64.1250247514704,15.38217012767241,-74.12913455110697,-51.54175449704738,-15.779683843403623,-4.581779724786927,-15.12598086454186,3.8165545675144705,-14.515745167376789
86,-2.0924548575802517,12.828767028868505,3.749719326277119,-7.314370148602113,24.25335961854868,1.9361922719494742,-37.946299494805295,7.052443428752578,-123.99031454768036,-123.10666669364164,4.3239504476833845,35.963837849868206,13.251675305086357,40.7729505977528,-47.48826427037514,-79.03348142807735,26.20819446852376,-141.9053099175384,-26.499456208833866,21.73402429093082,9.610820522018964,-10.558315235773955,1.612533007125358,-2.52147805163223
87,-5.711736642798523,-1.0348526664767566,-2.752675688246027,0.8553038786434448,-1.3160771825391535,-33.15069277822459,-7.433623829650486,-1.2890601053550068,-12.647038131144932,10.129671037333484,29.816339219181124,-111.02917179980736,30.424870770834943,-21.790374791041007,-56.266134103869874,86.25389793539249,-33.68602407201945,94.27959380693063,56.70133853868099,-49.18406977600199,4.196723620016633,5.064101630039151,7.288478867980128,-10.655546299799585
88,-16.58494468809978,-25.84880242859351,19.675547328861487,-2.209589871941569,-0.8641074008320064,6.5329316788362375,5.494497957282006,-26.691631692814482,40.00241971895035,145.97918479200888,2.8225189578987693,61.117911590732,41.085012092288295,9.129301752357442,-65.4792298021263,52.50988564549946,44.058828794989864,-34.708473105381564,73.14403632817472,-21.86156804132985,25.15522814748185,-4.699346360839329,7.648273072929848,-10.077475310815954
89,12.621743929214688,-2.275745564377767,-12.610062662962898,-10.251442203726471,-4.950276603333012,-3.053963652820078,-7.447823556171759,16.304092675420296,-1.682856586121704,98.10220953891857,117.57055486139103,71.69623410349915,-64.57116915023994,30.85313257768,116.97901542841925,-12.03465111913109,-9.963889178909467,11.118848979511288,-141.1072170395776,9.066430180732477,6.3484440715200785,-12.064304883927143,-2.5286493677441926,-10.346273410481967
90,12.895101438492082,1.6264767352341303,-5.0990413104560055,-22.273604424608024,2.98484387502071,10.63313165214715,7.4275262385860925,-7.091312604742615,-18.997325285099567,310.83410461563335,-13.453169791312172,175.86844424141816,81.03200431343258,15.50931701203673,22.00909476349325,-101.69604143333984,-4.982383096366215,-139.06202838515003,-15.917170393070942,77.95538424124935,-10.578733262679666,-5.5627960354209876,17.358027515166693,-0.1315794737437492
91,-15.25822944893711,5.884976434198925,13.023920603154862,-2.8653002413450177,8.563394265435775,6.216383729964191,17.91754735046484,-9.312033904821321,-95.17926736512823,-133.16041597540973,109.11090862735612,90.74671638045761,66.79266792236221,-77.77049063920377,-6.092916130086064,59.42825827979523,55.62727302829196,24.81485258658647,-10.321780473650982,-7.435260380914984,7.4837395706011,-15.66810954311616,0.768717176371592,2.5204575979394663
92,-13.667286747959826,7.5957798764245315,8.855498006423888,-11.026588644875739,21.38887990756979,-2.985177605291099,-5.098334195691047,-5.799707334063476,46.39368165730916,76.58572776516905,-16.19316662980128,-91.81685050884302,58.07944352240105,-50.074812426948675,123.15924110449778,-62.42955114468349,79.08294425695794,-89.89002180865612,-12.8081899292177,12.571784006672395,-4.885154267380738,-16.593950207076563,-7.080978382915412,-19.87753148103189
93,24.681488674747754,0.8233060382192758,-8.214389868294592,20.342760850897925,0.6157927963172821,15.596953021089469,-12.119524403256094,7.6052776888509594,81.27118314594902,55.09601115134573,15.177325482633961,114.05741053957473,11.247280112321944,53.70982269063826,-43.96221993749972,90.6378572520844,162.6348395998343,43.99450407921812,-28.158926323780726,-0.33505706836540444,-10.269938013714546,-8.164331056674206,2.707546620853581,10.935059232021091
94,5.249093778490174,-24.179261977107338,16.31361160884883,38.20596359977668,-6.035300303996886,15.08469531900323,7.875841063809219,13.117825913775324,45.21102469558612,-142.4055970387217,61.74368708359905,99.82196207659226,-56.39389663427792,18.543197298349664,18.922938318360362,-44.712033190219486,36.16046199542357,47.6899780220822,18.51925658212268,-9.539809818776229,10.9418007547459,-22.934961067726103,-11.06970897585753,-14.949738262390584
95,-23.612412499466274,13.680185038854294,-7.870418425854544,0.7144747866038399,-3.5501147888983224,5.645472909200183,-5.486843431532711,-3.962051488151316,31.881886472663474,-39.62970019477184,-31.86643638974289,-107.36745078380466,-20.974996155275914,-9.79690098820572,-3.206641582221477,49.67185356608842,51.32478717560175,-55.38314692961655,-52.140391134484446,-60.60337261349984,9.168085327399456,7.257188853329936,-3.463071203507593,-6.094180300276126
96,2.7700146338897813,16.257666631934093,-6.253676595598041,-8.84289737827632,3.380480258277799,21.16222241212679,14.687939448266482,-28.574662118980537,-18.033961645364407,-34.207378603338185,157.2924317433677,135.89586395064842,29.42303285481075,-27.035789340497555,-36.53280883073431,-2.156482842471359,9.817663901926915,-29.160111571495307,10.871460590704851,-17.37294741969372,12.254606819762445,-28.690466166548372,7.286573947161056,-4.087281960610514
97,-27.71588403354355,5.822544290740026,-3.3827881995095,-3.5676450067909613,-4.012510745326276,11.69589384247344,-15.405455496365175,33.042854644195856,-48.321726832189974,-80.89224952254285,8.715117215484451,-4.226963986895474,14.091650709139037,-103.8611536734709,-59.937606708612044,-28.183856852914438,-11.579421547400202,18.007876681303166,-35.13702403418156,-37.371058381807174,4.720030079399979,-13.6668246404635,-10.866538967145493,2.4384705123040757
98,-4.636040875052849,14.646105202444973,-5.877793619938176,9.186661652076245,1.1941138164054532,-10.076411685593957,9.136449292135104,-2.325439998029207,-48.15439434338535,-32.41307447998549,87.41617477839813,78.49368237667088,12.447741943870572,-3.9948081005015816,115.88749431433386,67.42877205703954,7.546738490401421,46.39829921310653,-58.63019961657012,25.80089784455982,-5.8250659253985795,9.454314749775968,-8.464746975287875,21.534563777824722
99,7.890240244599244,11.16998165268416,-6.5635045048967635,-2.9107175849572835,3.1652377227203963,2.815997145089474,-15.446001014348841,10.45720116519984,-3.9620816490286757,-75.5780063523193,67.54937874423835,53.56267271344026,-75.5734715169467,57.285768072333134,-70.73787919405918,69.6977959009745,99.142465092683,-26.82512289818987,67.49804153194404,-21.072501899869003,-12.90077029506137,14.29924903139677,-24.636472875058253,-3.6452054065138166
